Ref,Val,Package,PosX,PosY,Rot,Side
"A1","RaspberryPi_Pico","RaspberryPi_Pico_Common_THT",50.000000,122.000000,0.000000,top
"C1","4.7nF","C_0603_1608Metric",12.500000,64.625000,180.000000,top
"C2","4.7nF","C_0603_1608Metric",32.825000,64.625000,180.000000,top
"C3","4.7nF","C_0603_1608Metric",67.250000,58.200000,-90.000000,top
"C4","4.7nF","C_0603_1608Metric",87.875000,58.225000,-90.000000,top
"C5","0.1uF","C_0603_1608Metric",19.760000,66.110000,0.000000,top
"C6","0.1uF","C_0603_1608Metric",40.079000,66.110000,0.000000,top
"C7","0.1uF","C_0603_1608Metric",60.460000,66.085000,180.000000,top
"C8","0.1uF","C_0603_1608Metric",80.802500,66.135000,180.000000,top
"C9","0.1uF","C_0603_1608Metric",49.150000,74.925000,-90.000000,top
"C10","27pF","C_0603_1608Metric",18.475000,121.100000,180.000000,top
"C11","0.1uF","C_0603_1608Metric",33.850000,119.225000,-90.000000,top
"C12","27pF","C_0603_1608Metric",22.525000,121.100000,0.000000,top
"C13","4.7uF","C_0603_1608Metric",17.500000,122.800000,180.000000,top
"C14","0.1uF","C_0603_1608Metric",33.050000,132.450000,180.000000,top
"C15","0.1uF","C_0603_1608Metric",27.925000,128.300000,0.000000,top
"C16","0.1uF","C_0603_1608Metric",23.375000,122.900000,0.000000,top
"C17","0.1uF","C_0603_1608Metric",27.950000,126.300000,0.000000,top
"C18","0.1uF","C_0603_1608Metric",33.650000,140.550000,90.000000,top
"C19","0.1uF","C_0603_1608Metric",33.300000,127.825000,90.000000,top
"C20","1uF","C_0603_1608Metric",12.100000,129.100000,180.000000,top
"C21","1uF","C_0603_1608Metric",12.100000,130.900000,180.000000,top
"C22","0.1uF","C_0603_1608Metric",20.250000,136.425000,90.000000,top
"C23","27pF","C_0603_1608Metric",18.475000,82.350000,180.000000,top
"C24","0.1uF","C_0603_1608Metric",31.725000,80.925000,180.000000,top
"C25","27pF","C_0603_1608Metric",22.525000,82.350000,0.000000,top
"C26","4.7uF","C_0603_1608Metric",17.500000,84.050000,180.000000,top
"C27","0.1uF","C_0603_1608Metric",33.050000,93.700000,180.000000,top
"C28","0.1uF","C_0603_1608Metric",27.925000,89.550000,0.000000,top
"C29","0.1uF","C_0603_1608Metric",23.375000,84.150000,0.000000,top
"C30","0.1uF","C_0603_1608Metric",27.950000,87.550000,0.000000,top
"C31","0.1uF","C_0603_1608Metric",33.650000,101.800000,90.000000,top
"C32","0.1uF","C_0603_1608Metric",33.300000,89.075000,90.000000,top
"C33","1uF","C_0603_1608Metric",12.100000,90.350000,180.000000,top
"C34","1uF","C_0603_1608Metric",12.100000,92.150000,180.000000,top
"C35","0.1uF","C_0603_1608Metric",20.100000,97.675000,90.000000,top
"C36","27pF","C_0603_1608Metric",81.844999,136.890000,0.000000,top
"C37","0.1uF","C_0603_1608Metric",66.470000,138.765000,90.000000,top
"C38","27pF","C_0603_1608Metric",77.795000,136.890000,180.000000,top
"C39","4.7uF","C_0603_1608Metric",82.819999,135.190000,0.000000,top
"C40","0.1uF","C_0603_1608Metric",67.270000,125.540000,0.000000,top
"C41","0.1uF","C_0603_1608Metric",72.395000,129.689999,180.000000,top
"C42","0.1uF","C_0603_1608Metric",76.945000,135.090000,180.000000,top
"C43","0.1uF","C_0603_1608Metric",72.370000,131.689999,180.000000,top
"C44","0.1uF","C_0603_1608Metric",66.670000,117.440000,-90.000000,top
"C45","0.1uF","C_0603_1608Metric",67.020000,130.164999,-90.000000,top
"C46","1uF","C_0603_1608Metric",88.220000,128.890001,0.000000,top
"C47","1uF","C_0603_1608Metric",88.220000,127.090001,0.000000,top
"C48","0.1uF","C_0603_1608Metric",80.450000,121.565000,-90.000000,top
"C49","27pF","C_0603_1608Metric",81.784999,98.130000,0.000000,top
"C50","0.1uF","C_0603_1608Metric",66.410000,100.005000,90.000000,top
"C51","27pF","C_0603_1608Metric",77.735000,98.130000,180.000000,top
"C52","4.7uF","C_0603_1608Metric",82.759999,96.430000,0.000000,top
"C53","0.1uF","C_0603_1608Metric",67.360000,87.815000,0.000000,top
"C54","0.1uF","C_0603_1608Metric",72.335000,90.929999,180.000000,top
"C55","0.1uF","C_0603_1608Metric",76.885000,96.330000,180.000000,top
"C56","0.1uF","C_0603_1608Metric",72.310000,92.929999,180.000000,top
"C57","0.1uF","C_0603_1608Metric",67.500000,80.900000,0.000000,top
"C58","0.1uF","C_0603_1608Metric",66.960000,91.404999,-90.000000,top
"C59","1uF","C_0603_1608Metric",88.160000,90.130001,0.000000,top
"C60","1uF","C_0603_1608Metric",88.160000,88.330001,0.000000,top
"C61","0.1uF","C_0603_1608Metric",80.250000,82.805000,-90.000000,top
"C62","0.1uF","C_0603_1608Metric",73.600000,13.950000,90.000000,top
"C63","0.1uF","C_0603_1608Metric",73.750000,29.300000,90.000000,top
"C64","0.1uF","C_0603_1608Metric",36.250000,29.500000,90.000000,top
"C65","0.1uF","C_0603_1608Metric",36.350000,13.850000,90.000000,top
"D1","LED","LED_0603_1608Metric",13.925000,68.725000,-90.000000,top
"D2","LED","LED_0603_1608Metric",35.725000,68.637500,-90.000000,top
"D3","LED","LED_0603_1608Metric",64.856000,68.637500,-90.000000,top
"D4","LED","LED_0603_1608Metric",85.743500,68.637500,-90.000000,top
"FID1","Fiducial","Fiducial_1mm_Mask2mm",10.000000,151.000000,0.000000,top
"FID2","Fiducial","Fiducial_1mm_Mask2mm",10.000000,4.000000,0.000000,top
"FID3","Fiducial","Fiducial_1mm_Mask2mm",90.000000,4.000000,0.000000,top
"IC1","TPS22992SRXNR","TPS22992SRXNR",12.875000,62.300000,0.000000,top
"IC2","TPS22992SRXNR","TPS22992SRXNR",33.225000,62.300000,0.000000,top
"IC3","TPS22992SRXNR","TPS22992SRXNR",67.275000,62.275000,180.000000,top
"IC4","TPS22992SRXNR","TPS22992SRXNR",87.650000,62.325000,180.000000,top
"IC5","R7FA4M1AB3CFL#AA0","QFP50P900X900X170-48N",20.000000,129.000000,90.000000,top
"IC6","TXU0202DCUR","SOP50P310X90-8N",33.600000,135.950000,90.000000,top
"IC7","R7FA4M1AB3CFL#AA0","QFP50P900X900X170-48N",20.000000,90.250000,90.000000,top
"IC8","TXU0202DCUR","SOP50P310X90-8N",33.600000,97.200000,90.000000,top
"IC9","R7FA4M1AB3CFL#AA0","QFP50P900X900X170-48N",80.320000,128.990000,-90.000000,top
"IC10","TXU0202DCUR","SOP50P310X90-8N",66.720000,122.040000,-90.000000,top
"IC11","R7FA4M1AB3CFL#AA0","QFP50P900X900X170-48N",80.260000,90.230000,-90.000000,top
"IC12","TXU0202DCUR","SOP50P310X90-8N",66.810000,84.315000,-90.000000,top
"IC13","TMUX1574PWR","SOP65P640X120-16N",68.490000,9.242500,0.000000,top
"IC14","TMUX1574PWR","SOP65P640X120-16N",31.490000,9.242500,0.000000,top
"IC15","TMUX1574PWR","SOP65P640X120-16N",31.490000,24.987500,0.000000,top
"IC16","TMUX1574PWR","SOP65P640X120-16N",68.490000,24.987500,0.000000,top
"J1","Conn_01x01_Pin","Banana_Jack_1Pin",92.900000,50.300000,0.000000,top
"J2","Conn_01x01_Pin","Banana_Jack_1Pin",92.900000,35.300000,0.000000,top
"J3","Conn_01x01_Pin","Banana_Jack_1Pin",7.000000,35.800000,0.000000,top
"J5","Conn_02x14_Odd_Even","PinSocket_2x14_P2.54mm_Vertical",5.000000,145.500000,0.000000,top
"J6","Conn_02x04_Odd_Even","PinHeader_2x04_P2.54mm_Vertical",23.555000,57.915000,-90.000000,top
"J8","Conn_02x14_Odd_Even","PinSocket_2x14_P2.54mm_Vertical",5.000000,106.750000,0.000000,top
"J9","Conn_02x04_Odd_Even","PinHeader_2x04_P2.54mm_Vertical",43.920000,57.890000,-90.000000,top
"J11","Conn_02x14_Odd_Even","PinSocket_2x14_P2.54mm_Vertical",95.320000,112.490000,180.000000,top
"J12","Conn_02x04_Odd_Even","PinHeader_2x04_P2.54mm_Vertical",56.650000,55.375000,90.000000,top
"J14","Conn_02x14_Odd_Even","PinSocket_2x14_P2.54mm_Vertical",95.260000,73.730000,180.000000,top
"J15","Conn_02x04_Odd_Even","PinHeader_2x04_P2.54mm_Vertical",77.050000,55.400000,90.000000,top
"J16","Conn_ARM_JTAG_SWD_10","PinHeader_2x05_P1.27mm_Vertical",47.420000,26.400000,90.000000,top
"J17","Conn_ARM_JTAG_SWD_20","IDC-Header_2x10_P2.54mm_Vertical",38.490000,40.800000,90.000000,top
"J18","Conn_01x04_Socket","PinSocket_1x04_P2.54mm_Vertical",23.490000,28.850000,0.000000,top
"J19","Conn_01x04_Socket","PinSocket_1x04_P2.54mm_Vertical",39.490000,28.850000,0.000000,top
"J20","Conn_01x04_Socket","PinSocket_1x04_P2.54mm_Vertical",60.490000,13.105000,0.000000,top
"J21","Conn_01x02_Socket","PinSocket_1x02_P2.54mm_Vertical",26.300000,108.850000,90.000000,top
"J22","Conn_01x04_Socket","PinSocket_1x04_P2.54mm_Vertical",60.490000,28.850000,0.000000,top
"J23","Conn_01x04_Socket","PinSocket_1x04_P2.54mm_Vertical",23.490000,13.105000,0.000000,top
"J24","Conn_01x04_Socket","PinSocket_1x04_P2.54mm_Vertical",39.490000,13.105000,0.000000,top
"Q1","BSS138","SOT-23",29.100000,133.175000,180.000000,top
"Q2","BSS138","SOT-23",28.325000,94.375000,180.000000,top
"Q3","BSS138","SOT-23",71.650000,124.875000,0.000000,top
"Q4","BSS138","SOT-23",71.675000,85.875000,0.000000,top
"R1","4.7k","R_0603_1608Metric",49.650000,88.450000,180.000000,top
"R2","4.7k","R_0603_1608Metric",52.375000,90.550000,0.000000,top
"R3","120","R_0603_1608Metric",13.175000,59.125000,90.000000,top
"R4","120","R_0603_1608Metric",33.425000,58.600000,90.000000,top
"R5","120","R_0603_1608Metric",66.900000,65.325000,90.000000,top
"R6","120","R_0603_1608Metric",87.250000,65.325000,90.000000,top
"R7","1k","R_0603_1608Metric",13.944000,72.362500,90.000000,top
"R8","1k","R_0603_1608Metric",35.700000,72.325000,90.000000,top
"R9","1k","R_0603_1608Metric",64.825000,72.747420,90.000000,top
"R10","1k","R_0603_1608Metric",85.750000,72.525000,90.000000,top
"R11","R_Shunt","RES_C_2512_SHUNT",19.725000,62.250000,0.000000,top
"R12","R_Shunt","RES_C_2512_SHUNT",40.044000,62.250000,0.000000,top
"R13","R_Shunt","RES_C_2512_SHUNT",60.425000,62.225000,180.000000,top
"R14","R_Shunt","RES_C_2512_SHUNT",80.825000,62.275000,180.000000,top
"R15","0","R_0603_1608Metric",18.990000,68.875000,-90.000000,top
"R16","0","R_0603_1608Metric",20.530000,68.875000,-90.000000,top
"R17","0","R_0603_1608Metric",39.309000,68.875000,-90.000000,top
"R18","0","R_0603_1608Metric",40.849000,68.875000,-90.000000,top
"R19","0","R_0603_1608Metric",61.230000,68.850000,-90.000000,top
"R20","0","R_0603_1608Metric",59.690000,68.850000,-90.000000,top
"R21","0","R_0603_1608Metric",81.572500,68.900000,-90.000000,top
"R22","0","R_0603_1608Metric",80.022500,68.900000,-90.000000,top
"R23","10k","R_0603_1608Metric",45.850000,77.175000,90.000000,top
"R24","10k","R_0603_1608Metric",27.900000,130.050000,180.000000,top
"R25","10k","R_0603_1608Metric",27.900000,91.300000,180.000000,top
"R26","10k","R_0603_1608Metric",72.420000,127.940000,0.000000,top
"R27","10k","R_0603_1608Metric",72.360000,89.180000,0.000000,top
"U1","PAC1954x-x4MX","VQFN-16-1EP_3x3mm_P0.5mm_EP1.1x1.1mm",49.950000,78.962500,90.000000,top
"U2","TXU0102QDCURQ1","SOP50P310X90-8N",33.600000,123.380000,90.000000,top
"U3","TXU0102QDCURQ1","SOP50P310X90-8N",33.600000,84.630000,90.000000,top
"U4","TXU0102QDCURQ1","SOP50P310X90-8N",66.720000,134.609999,-90.000000,top
"U5","TXU0102QDCURQ1","SOP50P310X90-8N",66.660000,95.849999,-90.000000,top
"Y1","Crystal_Small","Crystal_SMD_Abracon_ABM3-2Pin_5.0x3.2mm",20.350000,118.000000,180.000000,top
"Y2","Crystal_Small","Crystal_SMD_Abracon_ABM3-2Pin_5.0x3.2mm",20.350000,79.250000,180.000000,top
"Y3","Crystal_Small","Crystal_SMD_Abracon_ABM3-2Pin_5.0x3.2mm",79.970000,139.990000,0.000000,top
"Y4","Crystal_Small","Crystal_SMD_Abracon_ABM3-2Pin_5.0x3.2mm",79.910000,101.230000,0.000000,top
